id,endpoint,method,last_access,call_count_30d,calls_historical,auth_type,data_classification,owner_team,deploy_date
API_108,/api/v1/user/balance/798,POST,2026-03-17T16:48:37.368432,2027,38018,None,Internal,Mobile App,2024-04-24T16:48:37.368432
API_160,/api/v1/user/list/626,POST,2026-02-26T16:48:37.368432,7949,47899,None,Confidential,Identity,2025-02-06T16:48:37.368432
API_144,/api/v2/loan/balance/690,POST,2026-03-08T16:48:37.368432,7534,45487,None,Internal,Payments,2023-07-16T16:48:37.368432
API_123,/api/v2/rewards/status/458,PATCH,2026-02-24T16:48:37.368432,8782,38866,None,Internal,Mobile App,2023-12-05T16:48:37.368432
API_175,/api/v1/account/details/248,GET,2026-03-13T16:48:37.368432,3065,49255,None,Confidential,Payments,2024-06-06T16:48:37.368432
API_387,/internal/admin/details,PUT,2026-03-08T16:48:37.368432,36243,150430,JWT,Internal,Core Banking,2024-04-01T16:48:37.368432
API_370,/api/v1/account/balance,GET,2026-03-09T16:48:37.368432,41120,75249,Basic,Public,Core Banking,2023-08-03T16:48:37.368432
API_500,/api/v1/cards/approve/29,POST,2026-03-13T16:48:37.368432,4347,185543,Basic,Confidential,Core Banking,2024-02-10T16:48:37.368432
API_332,/shadow/payroll/approve/api_332,GET,2026-03-11T16:48:37.368432,37149,211464,Basic,Internal,Identity,2023-06-27T16:48:37.368432
API_111,/api/v1/cards/delete/349,PUT,2026-03-08T16:48:37.368432,225,8965,None,Internal,Identity,2024-05-27T16:48:37.368432
API_367,/api/v1/cards/status,DELETE,2026-03-08T16:48:37.368432,5682,28034,Basic,Internal,Fraud,2024-02-07T16:48:37.368432
API_072,/shadow/payroll/balance/api_072,PUT,2025-07-29T16:48:37.368432,0,1684,OAuth2,Public,Retail,2023-07-30T16:48:37.368432
API_196,/internal/admin/details/769,GET,2026-02-23T16:48:37.368432,2955,12562,JWT,PCI,Payments,2024-10-08T16:48:37.368432
API_304,/api/v1/user/list/707,PUT,2026-03-15T16:48:37.368432,28090,55507,JWT,Internal,Fraud,2023-08-30T16:48:37.368432
API_342,/shadow/payroll/delete/api_342,GET,2026-03-10T16:48:37.368432,32660,52623,JWT,Confidential,Retail,2024-10-21T16:48:37.368432
API_119,/api/v2/loan/list/264,PATCH,2026-03-11T16:48:37.368432,6052,54915,None,Internal,Fraud,2024-08-21T16:48:37.368432
API_286,/shadow/payroll/update/api_286,POST,2026-03-16T16:48:37.368432,2442,120212,Basic,Public,Core Banking,2024-12-20T16:48:37.368432
API_033,/api/v1/user/update/847,PATCH,2025-07-08T16:48:37.368432,0,3928,JWT,Public,Identity,2023-11-12T16:48:37.368432
API_042,/api/v3/transaction/balance/408,DELETE,2025-12-16T16:48:37.368432,0,4368,JWT,Public,Identity,2024-11-19T16:48:37.368432
API_431,/internal/admin/delete,POST,2026-03-08T16:48:37.368432,18133,128458,OAuth2,Public,Fraud,2024-01-10T16:48:37.368432
API_022,/api/v2/loan/status,PATCH,2025-03-21T16:48:37.368432,0,332,Basic,Confidential,Fraud,2023-07-14T16:48:37.368432
API_283,/api/v2/loan/delete,POST,2026-03-10T16:48:37.368432,12861,141716,JWT,Public,Identity,2024-01-07T16:48:37.368432
API_179,/api/v2/rewards/approve/639,DELETE,2026-03-12T16:48:37.368432,5502,14750,API_Key,PCI,Identity,2024-03-04T16:48:37.368432
API_146,/api/v1/user/balance/600,POST,2026-03-11T16:48:37.368432,7064,32392,None,Internal,Payments,2024-08-05T16:48:37.368432
API_469,/internal/admin/list,POST,2026-03-11T16:48:37.368432,18749,76075,API_Key,Internal,Core Banking,2024-05-02T16:48:37.368432
API_427,/api/v1/account/status,GET,2026-03-09T16:48:37.368432,31378,67455,OAuth2,Confidential,Retail,2024-11-23T16:48:37.368432
API_294,/api/v1/account/status,POST,2026-03-17T16:48:37.368432,37695,171064,JWT,Internal,Fraud,2024-05-04T16:48:37.368432
API_219,/shadow/payroll/list/api_219/37,DELETE,2026-02-15T16:48:37.368432,1964,12768,None,PII,Core Banking,2023-08-26T16:48:37.368432
API_368,/api/v1/cards/list/849,PUT,2026-03-07T16:48:37.368432,22495,160357,API_Key,Public,Retail,2024-08-03T16:48:37.368432
API_482,/api/v1/user/list,GET,2026-03-09T16:48:37.368432,22262,210337,Basic,Public,Fraud,2024-10-12T16:48:37.368432
API_246,/internal/admin/status,POST,2026-03-10T16:48:37.368432,4484,175570,JWT,Confidential,Fraud,2024-08-27T16:48:37.368432
API_188,/api/v1/account/dump,PUT,2026-03-13T16:48:37.368432,6790,9954,API_Key,PCI,Unknown,2023-07-18T16:48:37.368432
API_234,/api/v3/transaction/details/770,PATCH,2026-03-15T16:48:37.368432,13922,156854,OAuth2,Public,Fraud,2025-01-10T16:48:37.368432
API_137,/api/v1/cards/balance/950,DELETE,2026-02-19T16:48:37.368432,8117,17485,None,Public,Identity,2024-10-05T16:48:37.368432
API_360,/api/v2/rewards/list/980,DELETE,2026-03-12T16:48:37.368432,7770,148024,OAuth2,Public,Payments,2023-09-10T16:48:37.368432
API_407,/shadow/payroll/update/api_407,PATCH,2026-03-13T16:48:37.368432,31523,166759,JWT,Internal,Payments,2024-05-28T16:48:37.368432
API_195,/api/v2/loan/balance,PUT,2026-03-17T16:48:37.368432,269,17072,None,PCI,Unknown,2023-08-05T16:48:37.368432
API_222,/internal/admin/balance,POST,2026-03-15T16:48:37.368432,4371,13318,JWT,PCI,Identity,2024-01-09T16:48:37.368432
API_150,/api/v1/cards/status/300,PUT,2026-02-27T16:48:37.368432,145,35221,None,Internal,Fraud,2023-11-08T16:48:37.368432
API_061,/internal/admin/status/576,POST,2025-12-02T16:48:37.368432,0,4433,OAuth2,Internal,Payments,2024-11-02T16:48:37.368432
API_324,/api/v1/cards/status/198,GET,2026-03-13T16:48:37.368432,9514,91434,JWT,Public,Identity,2024-06-29T16:48:37.368432
API_307,/api/v1/account/delete/682,PUT,2026-03-14T16:48:37.368432,38750,126230,Basic,Confidential,Core Banking,2023-09-28T16:48:37.368432
API_155,/api/v2/rewards/delete,GET,2026-02-22T16:48:37.368432,8321,16331,None,Public,Mobile App,2024-02-08T16:48:37.368432
API_333,/api/v1/account/balance/568,PATCH,2026-03-16T16:48:37.368432,34492,147766,API_Key,Internal,Mobile App,2025-01-01T16:48:37.368432
API_128,/api/v2/rewards/dump,PATCH,2026-02-15T16:48:37.368432,9467,12314,None,Public,Unknown,2025-01-16T16:48:37.368432
API_466,/shadow/payroll/list/api_466/459,PATCH,2026-03-12T16:48:37.368432,45387,190861,API_Key,Internal,Payments,2024-02-27T16:48:37.368432
API_255,/internal/admin/list/313,PUT,2026-03-14T16:48:37.368432,2965,183349,Basic,Confidential,Retail,2024-08-24T16:48:37.368432
API_340,/api/v1/cards/delete,GET,2026-03-14T16:48:37.368432,28025,112851,OAuth2,Public,Payments,2024-01-31T16:48:37.368432
API_109,/api/v2/loan/status/976,POST,2026-02-19T16:48:37.368432,6451,14469,None,Internal,Unknown,2024-05-06T16:48:37.368432
API_016,/internal/admin/list/628,POST,2025-04-25T16:48:37.368432,0,345,API_Key,Internal,Identity,2023-08-07T16:48:37.368432
API_462,/api/v2/rewards/details/265,GET,2026-03-14T16:48:37.368432,39995,137223,JWT,Confidential,Payments,2023-10-16T16:48:37.368432
API_481,/api/v2/loan/update,GET,2026-03-15T16:48:37.368432,21852,81163,API_Key,Internal,Fraud,2024-09-24T16:48:37.368432
API_492,/api/v2/rewards/dump/484,DELETE,2026-03-15T16:48:37.368432,33038,212520,OAuth2,Confidential,Identity,2023-09-20T16:48:37.368432
API_110,/api/v1/user/balance,DELETE,2026-02-25T16:48:37.368432,989,23388,None,Confidential,Unknown,2023-10-14T16:48:37.368432
API_331,/shadow/payroll/approve/api_331,POST,2026-03-08T16:48:37.368432,4034,145360,Basic,Public,Mobile App,2023-12-02T16:48:37.368432
API_145,/api/v3/transaction/dump/942,PUT,2026-03-03T16:48:37.368432,1911,21184,None,Confidential,Core Banking,2024-07-22T16:48:37.368432
API_048,/api/v1/user/details/258,PUT,2025-04-09T16:48:37.368432,0,683,OAuth2,Confidential,Retail,2024-06-18T16:48:37.368432
API_449,/internal/admin/details/312,PUT,2026-03-17T16:48:37.368432,195,61468,JWT,Confidential,Retail,2024-09-28T16:48:37.368432
API_090,/api/v3/transaction/dump,DELETE,2025-11-13T16:48:37.368432,0,921,OAuth2,Public,Identity,2024-09-28T16:48:37.368432
API_165,/api/v1/user/dump,GET,2026-02-15T16:48:37.368432,5143,54920,None,Confidential,Identity,2024-09-02T16:48:37.368432
API_327,/api/v2/loan/update,GET,2026-03-13T16:48:37.368432,1643,146926,JWT,Confidential,Payments,2024-07-14T16:48:37.368432
API_475,/api/v1/cards/balance/339,PATCH,2026-03-10T16:48:37.368432,41283,79885,JWT,Public,Mobile App,2024-12-10T16:48:37.368432
API_394,/api/v3/transaction/update,DELETE,2026-03-07T16:48:37.368432,30137,78331,API_Key,Confidential,Core Banking,2023-10-12T16:48:37.368432
API_280,/internal/admin/balance,DELETE,2026-03-09T16:48:37.368432,45102,154128,JWT,Public,Retail,2024-08-17T16:48:37.368432
API_154,/shadow/payroll/delete/api_154,DELETE,2026-02-22T16:48:37.368432,5407,36560,None,Internal,Payments,2024-09-08T16:48:37.368432
API_463,/api/v3/transaction/status,DELETE,2026-03-07T16:48:37.368432,22732,167230,OAuth2,Internal,Retail,2024-02-16T16:48:37.368432
API_356,/api/v1/user/status,POST,2026-03-13T16:48:37.368432,46349,103534,OAuth2,Public,Core Banking,2023-08-15T16:48:37.368432
API_118,/api/v2/loan/status,POST,2026-02-24T16:48:37.368432,4469,52163,None,Internal,Fraud,2024-04-20T16:48:37.368432
API_440,/internal/admin/dump,DELETE,2026-03-17T16:48:37.368432,26640,225907,Basic,Internal,Core Banking,2023-08-03T16:48:37.368432
API_413,/api/v1/account/dump/817,GET,2026-03-13T16:48:37.368432,41777,87400,Basic,Internal,Payments,2024-09-24T16:48:37.368432
API_422,/shadow/payroll/dump/api_422,GET,2026-03-10T16:48:37.368432,16098,73570,API_Key,Confidential,Mobile App,2023-09-27T16:48:37.368432
API_168,/api/v3/transaction/list,POST,2026-02-21T16:48:37.368432,8220,22539,None,Public,Payments,2023-11-22T16:48:37.368432
API_040,/shadow/payroll/update/api_040/633,GET,2025-10-29T16:48:37.368432,0,1351,API_Key,Public,Mobile App,2024-08-09T16:48:37.368432
API_231,/api/v1/cards/list/143,PATCH,2026-03-16T16:48:37.368432,21733,92223,Basic,Internal,Core Banking,2023-07-03T16:48:37.368432
API_248,/api/v1/user/balance,PATCH,2026-03-17T16:48:37.368432,23923,93665,Basic,Confidential,Fraud,2024-12-22T16:48:37.368432
API_309,/api/v1/user/dump/82,POST,2026-03-15T16:48:37.368432,14624,191367,OAuth2,Internal,Core Banking,2023-09-08T16:48:37.368432
API_335,/api/v3/transaction/approve/981,DELETE,2026-03-08T16:48:37.368432,48663,66276,Basic,Internal,Fraud,2023-12-08T16:48:37.368432
API_003,/api/v1/user/update,PATCH,2025-11-09T16:48:37.368432,0,1123,API_Key,Confidential,Core Banking,2023-12-22T16:48:37.368432
API_115,/api/v1/account/status/61,PUT,2026-03-05T16:48:37.368432,1235,11252,None,Internal,Core Banking,2024-10-22T16:48:37.368432
API_393,/api/v2/rewards/approve,POST,2026-03-08T16:48:37.368432,17209,200962,Basic,Public,Payments,2024-01-21T16:48:37.368432
API_298,/api/v1/user/dump/514,DELETE,2026-03-15T16:48:37.368432,27201,186724,OAuth2,Internal,Identity,2023-10-16T16:48:37.368432
API_015,/shadow/payroll/delete/api_015,PATCH,2025-04-15T16:48:37.368432,0,1648,API_Key,Public,Identity,2024-08-14T16:48:37.368432
API_485,/shadow/payroll/balance/api_485/56,PATCH,2026-03-08T16:48:37.368432,16270,207368,Basic,Confidential,Unknown,2024-07-18T16:48:37.368432
API_349,/api/v1/user/list,PATCH,2026-03-16T16:48:37.368432,24006,217571,Basic,Public,Fraud,2024-03-09T16:48:37.368432
API_461,/api/v1/user/dump/921,DELETE,2026-03-13T16:48:37.368432,2021,58816,OAuth2,Public,Core Banking,2024-12-23T16:48:37.368432
API_148,/api/v1/user/status,DELETE,2026-03-17T16:48:37.368432,4752,14508,None,Internal,Identity,2023-12-06T16:48:37.368432
API_225,/internal/admin/dump/60,POST,2026-03-16T16:48:37.368432,3511,49752,JWT,PCI,Retail,2023-12-01T16:48:37.368432
API_351,/api/v1/cards/list/797,POST,2026-03-07T16:48:37.368432,21850,101111,OAuth2,Internal,Retail,2023-09-06T16:48:37.368432
API_409,/shadow/payroll/list/api_409,GET,2026-03-14T16:48:37.368432,23797,187157,OAuth2,Confidential,Core Banking,2025-01-24T16:48:37.368432
API_343,/api/v1/account/delete/926,PUT,2026-03-09T16:48:37.368432,34720,142117,Basic,Confidential,Core Banking,2024-12-30T16:48:37.368432
API_319,/api/v3/transaction/details/415,PUT,2026-03-12T16:48:37.368432,12751,207136,OAuth2,Confidential,Fraud,2024-03-04T16:48:37.368432
API_263,/api/v3/transaction/list/448,PUT,2026-03-11T16:48:37.368432,25734,153631,Basic,Public,Identity,2024-05-20T16:48:37.368432
API_230,/api/v1/cards/status,POST,2026-03-10T16:48:37.368432,41242,110831,API_Key,Public,Retail,2024-06-05T16:48:37.368432
API_380,/api/v1/cards/status,PUT,2026-03-15T16:48:37.368432,42820,217520,API_Key,Internal,Core Banking,2023-12-13T16:48:37.368432
API_057,/shadow/payroll/details/api_057,POST,2025-04-08T16:48:37.368432,0,4691,OAuth2,Internal,Mobile App,2023-10-05T16:48:37.368432
API_054,/api/v2/rewards/list,PUT,2025-08-18T16:48:37.368432,0,3573,OAuth2,Internal,Payments,2024-02-05T16:48:37.368432
API_129,/api/v1/account/balance/135,PUT,2026-03-10T16:48:37.368432,1967,25992,None,Internal,Retail,2024-06-29T16:48:37.368432
API_372,/api/v1/cards/details/214,POST,2026-03-07T16:48:37.368432,22482,53989,API_Key,Internal,Identity,2023-07-01T16:48:37.368432
API_424,/internal/admin/balance/199,DELETE,2026-03-17T16:48:37.368432,34395,155875,API_Key,Internal,Retail,2023-12-15T16:48:37.368432
API_199,/api/v1/user/details,GET,2026-03-02T16:48:37.368432,6036,26545,JWT,PCI,Identity,2024-04-30T16:48:37.368432
API_471,/api/v1/user/list,PUT,2026-03-17T16:48:37.368432,36623,136272,API_Key,Internal,Retail,2023-09-06T16:48:37.368432
API_002,/api/v3/transaction/status,PATCH,2025-09-06T16:48:37.368432,0,2893,OAuth2,Confidential,Identity,2023-11-26T16:48:37.368432
API_131,/api/v2/rewards/update,GET,2026-02-27T16:48:37.368432,8596,43686,None,Confidential,Identity,2024-05-03T16:48:37.368432
API_096,/api/v1/user/update/282,DELETE,2025-05-02T16:48:37.368432,0,4887,JWT,Internal,Identity,2023-11-09T16:48:37.368432
API_450,/api/v1/account/delete,GET,2026-03-11T16:48:37.368432,36925,99961,OAuth2,Internal,Unknown,2024-12-28T16:48:37.368432
API_282,/api/v1/account/delete/193,POST,2026-03-14T16:48:37.368432,9214,59249,Basic,Public,Payments,2024-03-11T16:48:37.368432
API_071,/internal/admin/list,POST,2025-12-07T16:48:37.368432,0,3385,JWT,Public,Identity,2024-12-19T16:48:37.368432
API_435,/api/v2/loan/details/310,POST,2026-03-12T16:48:37.368432,38916,216054,Basic,Public,Payments,2024-02-26T16:48:37.368432
API_178,/api/v1/cards/balance/751,GET,2026-02-23T16:48:37.368432,9028,43909,OAuth2,PCI,Identity,2024-02-25T16:48:37.368432
API_017,/api/v2/loan/list,DELETE,2025-06-22T16:48:37.368432,0,2892,JWT,Public,Identity,2024-12-02T16:48:37.368432
API_415,/api/v2/loan/status,GET,2026-03-10T16:48:37.368432,45287,86608,JWT,Confidential,Identity,2023-09-09T16:48:37.368432
API_102,/api/v1/user/dump,POST,2026-03-05T16:48:37.368432,6988,24042,None,Internal,Fraud,2023-09-10T16:48:37.368432
API_214,/api/v1/account/status,DELETE,2026-02-27T16:48:37.368432,847,11680,OAuth2,PCI,Core Banking,2023-12-06T16:48:37.368432
API_232,/api/v2/rewards/details,GET,2026-03-14T16:48:37.368432,19035,70370,Basic,Confidential,Core Banking,2023-09-23T16:48:37.368432
API_384,/api/v2/loan/balance/342,PATCH,2026-03-16T16:48:37.368432,34534,135215,API_Key,Confidential,Identity,2024-12-09T16:48:37.368432
API_167,/api/v1/user/dump/326,GET,2026-03-08T16:48:37.368432,3371,45679,None,Internal,Payments,2024-05-15T16:48:37.368432
API_124,/shadow/payroll/delete/api_124,DELETE,2026-02-24T16:48:37.368432,6915,11727,None,Confidential,Retail,2024-08-25T16:48:37.368432
API_080,/api/v2/rewards/approve,POST,2025-05-23T16:48:37.368432,0,2049,API_Key,Public,Mobile App,2023-12-04T16:48:37.368432
API_484,/api/v2/rewards/update/986,DELETE,2026-03-15T16:48:37.368432,45531,75682,Basic,Confidential,Identity,2024-04-30T16:48:37.368432
API_308,/api/v1/user/details/309,POST,2026-03-15T16:48:37.368432,22005,124213,Basic,Internal,Core Banking,2024-12-16T16:48:37.368432
API_480,/api/v1/account/update/793,PUT,2026-03-08T16:48:37.368432,10267,146759,JWT,Public,Identity,2023-08-21T16:48:37.368432
API_311,/api/v3/transaction/status/585,GET,2026-03-13T16:48:37.368432,31298,215601,API_Key,Public,Retail,2024-03-13T16:48:37.368432
API_354,/api/v3/transaction/approve,PATCH,2026-03-13T16:48:37.368432,20539,202739,JWT,Confidential,Unknown,2024-07-24T16:48:37.368432
API_164,/shadow/payroll/list/api_164,GET,2026-03-17T16:48:37.368432,2522,23896,None,Internal,Unknown,2024-09-11T16:48:37.368432
API_438,/api/v1/account/delete/830,DELETE,2026-03-12T16:48:37.368432,5720,118033,OAuth2,Internal,Core Banking,2024-10-31T16:48:37.368432
API_273,/api/v2/rewards/list/684,GET,2026-03-09T16:48:37.368432,20047,170475,JWT,Confidential,Mobile App,2024-01-31T16:48:37.368432
API_396,/api/v2/loan/dump,POST,2026-03-16T16:48:37.368432,34794,53716,JWT,Internal,Unknown,2024-08-12T16:48:37.368432
API_401,/api/v1/account/status/545,GET,2026-03-08T16:48:37.368432,21938,195589,OAuth2,Confidential,Mobile App,2024-02-14T16:48:37.368432
API_295,/api/v3/transaction/details,PATCH,2026-03-08T16:48:37.368432,43823,105491,OAuth2,Confidential,Payments,2024-10-13T16:48:37.368432
API_101,/api/v1/cards/balance/307,GET,2026-03-07T16:48:37.368432,4571,47874,None,Public,Core Banking,2023-12-18T16:48:37.368432
API_313,/api/v2/rewards/approve,GET,2026-03-17T16:48:37.368432,33777,230439,Basic,Internal,Retail,2024-06-12T16:48:37.368432
API_467,/api/v2/rewards/details/52,PUT,2026-03-07T16:48:37.368432,28981,59307,OAuth2,Confidential,Payments,2025-01-18T16:48:37.368432
API_369,/api/v2/rewards/balance,DELETE,2026-03-13T16:48:37.368432,38715,182628,API_Key,Confidential,Retail,2025-01-27T16:48:37.368432
API_314,/api/v2/loan/balance/635,POST,2026-03-14T16:48:37.368432,10330,95425,API_Key,Internal,Unknown,2024-05-07T16:48:37.368432
API_187,/api/v1/user/balance/479,PATCH,2026-03-16T16:48:37.368432,8112,25453,OAuth2,PCI,Unknown,2024-04-01T16:48:37.368432
API_221,/api/v1/user/approve/569,POST,2026-03-14T16:48:37.368432,5512,7690,None,PII,Identity,2023-12-28T16:48:37.368432
API_378,/api/v1/account/dump,PATCH,2026-03-12T16:48:37.368432,30462,209940,JWT,Confidential,Core Banking,2023-06-24T16:48:37.368432
API_262,/api/v1/cards/update,DELETE,2026-03-12T16:48:37.368432,47250,69015,Basic,Confidential,Payments,2024-02-19T16:48:37.368432
API_121,/api/v2/loan/dump,PUT,2026-03-17T16:48:37.368432,2113,43189,None,Internal,Identity,2023-07-07T16:48:37.368432
API_189,/api/v1/cards/details/813,GET,2026-03-15T16:48:37.368432,7939,28928,API_Key,PII,Identity,2024-04-10T16:48:37.368432
API_460,/api/v1/account/details,DELETE,2026-03-10T16:48:37.368432,13832,111508,OAuth2,Internal,Core Banking,2025-01-30T16:48:37.368432
API_247,/api/v2/rewards/dump,PATCH,2026-03-10T16:48:37.368432,29948,78408,JWT,Confidential,Retail,2023-10-18T16:48:37.368432
API_151,/api/v3/transaction/list,GET,2026-02-24T16:48:37.368432,9878,32728,None,Internal,Core Banking,2024-02-20T16:48:37.368432
API_408,/api/v2/rewards/list,DELETE,2026-03-07T16:48:37.368432,43352,115910,JWT,Internal,Fraud,2024-12-06T16:48:37.368432
API_213,/api/v1/user/details,DELETE,2026-02-15T16:48:37.368432,8779,26463,API_Key,PCI,Payments,2023-11-08T16:48:37.368432
API_400,/api/v1/cards/delete/61,PUT,2026-03-07T16:48:37.368432,15771,82123,API_Key,Public,Payments,2024-04-02T16:48:37.368432
API_406,/api/v2/rewards/list/915,POST,2026-03-16T16:48:37.368432,9789,41583,API_Key,Public,Identity,2024-12-26T16:48:37.368432
API_037,/api/v2/loan/delete/335,DELETE,2025-11-30T16:48:37.368432,0,2059,JWT,Internal,Retail,2024-04-30T16:48:37.368432
API_176,/shadow/payroll/status/api_176,PUT,2026-03-02T16:48:37.368432,5126,36404,JWT,PII,Identity,2024-03-01T16:48:37.368432
API_322,/api/v3/transaction/update,POST,2026-03-09T16:48:37.368432,18912,103610,JWT,Confidential,Mobile App,2024-07-09T16:48:37.368432
API_479,/api/v1/account/update/247,DELETE,2026-03-11T16:48:37.368432,24581,92440,API_Key,Public,Core Banking,2024-11-03T16:48:37.368432
API_114,/api/v2/rewards/list,DELETE,2026-03-14T16:48:37.368432,8499,53077,None,Internal,Fraud,2024-12-16T16:48:37.368432
API_490,/api/v1/user/balance,DELETE,2026-03-17T16:48:37.368432,35716,203779,JWT,Confidential,Mobile App,2023-09-07T16:48:37.368432
API_464,/api/v2/loan/approve/959,DELETE,2026-03-08T16:48:37.368432,2670,60268,OAuth2,Confidential,Identity,2024-04-25T16:48:37.368432
API_323,/internal/admin/balance/395,GET,2026-03-14T16:48:37.368432,9521,183116,OAuth2,Public,Identity,2025-01-16T16:48:37.368432
API_426,/api/v3/transaction/list,GET,2026-03-12T16:48:37.368432,38105,206887,OAuth2,Internal,Mobile App,2025-01-23T16:48:37.368432
API_371,/shadow/payroll/status/api_371,DELETE,2026-03-13T16:48:37.368432,34990,226849,API_Key,Public,Fraud,2023-11-30T16:48:37.368432
API_355,/shadow/payroll/balance/api_355/214,DELETE,2026-03-07T16:48:37.368432,32329,131434,Basic,Public,Payments,2024-05-22T16:48:37.368432
API_328,/api/v3/transaction/update/81,DELETE,2026-03-12T16:48:37.368432,7308,133324,API_Key,Confidential,Payments,2024-01-24T16:48:37.368432
API_011,/internal/admin/approve/633,POST,2025-04-13T16:48:37.368432,0,4954,OAuth2,Confidential,Unknown,2024-09-16T16:48:37.368432
API_320,/api/v2/rewards/update/900,PUT,2026-03-17T16:48:37.368432,25944,174157,Basic,Internal,Retail,2023-08-30T16:48:37.368432
API_084,/internal/admin/status/862,PATCH,2025-10-15T16:48:37.368432,0,2656,Basic,Internal,Identity,2023-09-16T16:48:37.368432
API_158,/shadow/payroll/update/api_158,GET,2026-03-10T16:48:37.368432,2831,49929,None,Internal,Unknown,2024-05-25T16:48:37.368432
API_253,/api/v1/cards/balance/287,POST,2026-03-07T16:48:37.368432,37759,112608,Basic,Confidential,Retail,2024-02-04T16:48:37.368432
API_487,/api/v2/rewards/status/374,DELETE,2026-03-17T16:48:37.368432,16478,40338,JWT,Confidential,Retail,2024-05-06T16:48:37.368432
API_357,/api/v2/rewards/details/682,GET,2026-03-17T16:48:37.368432,42023,162880,Basic,Internal,Mobile App,2025-02-07T16:48:37.368432
API_049,/api/v1/user/details,POST,2025-04-14T16:48:37.368432,0,2279,OAuth2,Confidential,Fraud,2023-12-22T16:48:37.368432
API_009,/api/v2/rewards/status,PATCH,2025-07-12T16:48:37.368432,0,1035,OAuth2,Public,Retail,2024-09-09T16:48:37.368432
API_347,/internal/admin/update,GET,2026-03-10T16:48:37.368432,3670,55538,API_Key,Internal,Payments,2024-09-12T16:48:37.368432
API_023,/internal/admin/delete/705,POST,2025-09-05T16:48:37.368432,0,2665,JWT,Public,Mobile App,2024-08-03T16:48:37.368432
API_437,/internal/admin/dump,GET,2026-03-09T16:48:37.368432,33213,230681,Basic,Confidential,Payments,2024-06-27T16:48:37.368432
API_388,/api/v2/loan/dump/772,PUT,2026-03-14T16:48:37.368432,16624,107600,OAuth2,Internal,Payments,2024-06-14T16:48:37.368432
API_038,/internal/admin/approve,POST,2025-11-30T16:48:37.368432,0,2342,OAuth2,Confidential,Mobile App,2025-02-07T16:48:37.368432
API_495,/api/v2/rewards/approve,GET,2026-03-08T16:48:37.368432,16146,78767,Basic,Public,Core Banking,2024-01-04T16:48:37.368432
API_228,/internal/admin/dump/140,DELETE,2026-03-10T16:48:37.368432,46308,128570,OAuth2,Public,Unknown,2023-10-28T16:48:37.368432
API_212,/api/v1/account/approve,POST,2026-02-22T16:48:37.368432,5635,37276,OAuth2,PCI,Payments,2024-05-19T16:48:37.368432
API_257,/api/v1/user/list,GET,2026-03-16T16:48:37.368432,6164,150747,Basic,Public,Identity,2024-10-17T16:48:37.368432
API_070,/shadow/payroll/balance/api_070/549,DELETE,2025-06-01T16:48:37.368432,0,271,API_Key,Internal,Core Banking,2023-09-16T16:48:37.368432
API_271,/internal/admin/details,GET,2026-03-09T16:48:37.368432,33090,73224,Basic,Internal,Retail,2024-01-06T16:48:37.368432
API_412,/internal/admin/update/195,PUT,2026-03-15T16:48:37.368432,43650,222075,API_Key,Confidential,Unknown,2024-03-26T16:48:37.368432
API_325,/api/v1/cards/list/723,GET,2026-03-15T16:48:37.368432,25329,223548,API_Key,Public,Mobile App,2023-11-12T16:48:37.368432
API_174,/api/v1/account/update/642,POST,2026-02-23T16:48:37.368432,1845,13415,None,Confidential,Fraud,2024-01-05T16:48:37.368432
API_265,/api/v2/loan/balance/36,PUT,2026-03-11T16:48:37.368432,9113,202208,JWT,Confidential,Fraud,2025-01-16T16:48:37.368432
API_375,/api/v1/cards/list,GET,2026-03-08T16:48:37.368432,4872,78198,OAuth2,Confidential,Core Banking,2024-06-08T16:48:37.368432
API_062,/api/v1/cards/approve/878,PUT,2025-07-18T16:48:37.368432,0,4097,OAuth2,Public,Core Banking,2023-10-19T16:48:37.368432
API_240,/api/v1/user/approve/4,GET,2026-03-10T16:48:37.368432,38523,162248,OAuth2,Confidential,Payments,2024-11-17T16:48:37.368432
API_269,/api/v3/transaction/list,GET,2026-03-13T16:48:37.368432,23635,205036,API_Key,Confidential,Core Banking,2024-12-22T16:48:37.368432
API_264,/api/v3/transaction/dump,DELETE,2026-03-15T16:48:37.368432,37142,194297,OAuth2,Internal,Fraud,2024-06-04T16:48:37.368432
API_433,/api/v3/transaction/list/319,PUT,2026-03-14T16:48:37.368432,19568,41666,JWT,Public,Mobile App,2023-08-18T16:48:37.368432
API_483,/internal/admin/status/832,PUT,2026-03-10T16:48:37.368432,20855,167463,API_Key,Internal,Identity,2024-12-11T16:48:37.368432
API_429,/api/v1/cards/status,PATCH,2026-03-10T16:48:37.368432,16860,62423,API_Key,Confidential,Fraud,2024-06-30T16:48:37.368432
API_209,/api/v1/account/dump,DELETE,2026-02-27T16:48:37.368432,6803,12924,JWT,PCI,Payments,2024-12-18T16:48:37.368432
API_278,/api/v1/account/balance/877,PUT,2026-03-14T16:48:37.368432,282,102784,Basic,Internal,Mobile App,2023-10-26T16:48:37.368432
API_206,/api/v3/transaction/update/210,PUT,2026-03-02T16:48:37.368432,7470,43857,OAuth2,PCI,Mobile App,2023-10-27T16:48:37.368432
API_398,/api/v1/user/balance,PUT,2026-03-12T16:48:37.368432,29651,222722,OAuth2,Internal,Core Banking,2024-07-31T16:48:37.368432
API_321,/internal/admin/update,GET,2026-03-11T16:48:37.368432,7846,159208,API_Key,Internal,Retail,2023-09-24T16:48:37.368432
API_006,/api/v1/account/list,GET,2025-05-27T16:48:37.368432,0,4493,API_Key,Internal,Core Banking,2023-08-03T16:48:37.368432
API_242,/api/v1/user/status/574,PATCH,2026-03-14T16:48:37.368432,1311,35463,Basic,Internal,Identity,2023-10-14T16:48:37.368432
API_045,/api/v2/loan/status/303,PUT,2025-12-06T16:48:37.368432,0,446,OAuth2,Public,Fraud,2023-09-10T16:48:37.368432
API_276,/api/v2/loan/details,PATCH,2026-03-17T16:48:37.368432,49129,140119,OAuth2,Confidential,Payments,2024-06-11T16:48:37.368432
API_133,/api/v2/loan/update/277,POST,2026-02-27T16:48:37.368432,6434,13145,None,Public,Core Banking,2024-07-01T16:48:37.368432
API_448,/api/v1/cards/delete/63,PUT,2026-03-14T16:48:37.368432,40361,152876,Basic,Internal,Fraud,2023-12-24T16:48:37.368432
API_181,/api/v1/user/approve,PATCH,2026-03-05T16:48:37.368432,4970,28912,Basic,PCI,Fraud,2023-08-21T16:48:37.368432
API_488,/api/v2/rewards/list,GET,2026-03-12T16:48:37.368432,9566,190267,JWT,Internal,Mobile App,2023-12-22T16:48:37.368432
API_290,/internal/admin/dump,POST,2026-03-07T16:48:37.368432,30254,63526,Basic,Internal,Payments,2025-02-06T16:48:37.368432
API_361,/api/v2/loan/approve,GET,2026-03-10T16:48:37.368432,11879,61300,Basic,Confidential,Mobile App,2023-10-16T16:48:37.368432
API_291,/api/v2/loan/dump/276,GET,2026-03-14T16:48:37.368432,29589,214494,JWT,Public,Mobile App,2023-06-22T16:48:37.368432
API_127,/internal/admin/list,PATCH,2026-02-26T16:48:37.368432,1630,33537,None,Confidential,Retail,2024-02-14T16:48:37.368432
API_310,/api/v2/loan/list/467,DELETE,2026-03-10T16:48:37.368432,23385,116184,API_Key,Public,Identity,2023-10-15T16:48:37.368432
API_403,/api/v2/loan/details/215,DELETE,2026-03-10T16:48:37.368432,43856,68955,Basic,Public,Unknown,2024-01-22T16:48:37.368432
API_236,/api/v3/transaction/balance/310,PUT,2026-03-17T16:48:37.368432,23501,131770,JWT,Internal,Payments,2024-06-26T16:48:37.368432
API_081,/api/v1/user/details/165,DELETE,2025-05-08T16:48:37.368432,0,1606,OAuth2,Internal,Core Banking,2024-05-25T16:48:37.368432
API_192,/internal/admin/balance/968,DELETE,2026-02-17T16:48:37.368432,7876,36049,Basic,PCI,Retail,2023-09-07T16:48:37.368432
API_152,/api/v1/cards/delete,GET,2026-03-17T16:48:37.368432,6728,25575,None,Internal,Mobile App,2024-08-01T16:48:37.368432
API_374,/shadow/payroll/status/api_374,PUT,2026-03-13T16:48:37.368432,48304,62743,API_Key,Confidential,Identity,2023-09-13T16:48:37.368432
API_135,/api/v2/loan/delete/95,PATCH,2026-03-12T16:48:37.368432,6770,18804,None,Internal,Identity,2024-04-30T16:48:37.368432
API_312,/api/v1/cards/dump,DELETE,2026-03-16T16:48:37.368432,12816,154322,OAuth2,Confidential,Mobile App,2023-07-03T16:48:37.368432
API_301,/api/v1/account/list,PATCH,2026-03-17T16:48:37.368432,43909,128013,Basic,Internal,Mobile App,2024-01-30T16:48:37.368432
API_182,/api/v2/rewards/status/527,PUT,2026-03-03T16:48:37.368432,2915,33035,JWT,PII,Core Banking,2024-01-25T16:48:37.368432
API_275,/internal/admin/list,PATCH,2026-03-15T16:48:37.368432,32322,91355,JWT,Confidential,Mobile App,2023-07-31T16:48:37.368432
API_268,/api/v2/rewards/dump/781,PUT,2026-03-08T16:48:37.368432,31447,193184,Basic,Internal,Fraud,2023-07-15T16:48:37.368432
API_024,/api/v1/account/status,POST,2025-04-11T16:48:37.368432,0,3173,Basic,Public,Payments,2023-08-06T16:48:37.368432
API_233,/shadow/payroll/balance/api_233/468,POST,2026-03-12T16:48:37.368432,38577,189076,Basic,Public,Unknown,2024-01-22T16:48:37.368432
API_442,/api/v1/user/update/809,DELETE,2026-03-07T16:48:37.368432,2334,127165,API_Key,Internal,Core Banking,2025-01-10T16:48:37.368432
API_441,/api/v3/transaction/approve,PUT,2026-03-16T16:48:37.368432,30860,205606,Basic,Confidential,Retail,2023-08-05T16:48:37.368432
API_092,/api/v1/user/approve/377,POST,2025-04-06T16:48:37.368432,0,1257,JWT,Confidential,Identity,2023-12-03T16:48:37.368432
API_474,/api/v1/account/list/887,PUT,2026-03-15T16:48:37.368432,18472,163054,OAuth2,Public,Core Banking,2023-06-23T16:48:37.368432
API_067,/api/v2/loan/status,PUT,2025-08-01T16:48:37.368432,0,3630,Basic,Public,Core Banking,2024-03-30T16:48:37.368432
API_055,/api/v1/user/dump,POST,2025-09-01T16:48:37.368432,0,3197,Basic,Public,Payments,2024-02-15T16:48:37.368432
API_019,/internal/admin/update,DELETE,2025-07-10T16:48:37.368432,0,4185,Basic,Confidential,Core Banking,2024-04-21T16:48:37.368432
API_316,/api/v1/cards/dump,DELETE,2026-03-07T16:48:37.368432,46749,57330,OAuth2,Confidential,Fraud,2024-07-02T16:48:37.368432
API_141,/api/v3/transaction/status,PATCH,2026-03-02T16:48:37.368432,8521,28225,None,Confidential,Fraud,2024-11-08T16:48:37.368432
API_014,/api/v2/rewards/balance,GET,2025-07-01T16:48:37.368432,0,4349,JWT,Internal,Mobile App,2024-08-07T16:48:37.368432
API_032,/api/v3/transaction/details/530,POST,2025-04-30T16:48:37.368432,0,2282,Basic,Confidential,Retail,2023-12-04T16:48:37.368432
API_299,/api/v1/cards/dump,PATCH,2026-03-15T16:48:37.368432,7584,196065,OAuth2,Internal,Retail,2024-10-30T16:48:37.368432
API_201,/api/v1/user/list/196,PATCH,2026-03-09T16:48:37.368432,5020,21399,API_Key,PCI,Core Banking,2024-10-19T16:48:37.368432
API_029,/api/v1/user/update,POST,2025-08-30T16:48:37.368432,0,482,Basic,Public,Unknown,2024-06-01T16:48:37.368432
API_446,/api/v2/loan/update,DELETE,2026-03-09T16:48:37.368432,16175,137973,API_Key,Internal,Core Banking,2024-11-02T16:48:37.368432
API_414,/api/v2/rewards/status,PUT,2026-03-07T16:48:37.368432,18535,51103,JWT,Internal,Unknown,2023-12-02T16:48:37.368432
API_117,/api/v1/user/list,POST,2026-02-19T16:48:37.368432,6882,34971,None,Confidential,Unknown,2023-08-18T16:48:37.368432
API_088,/api/v1/account/list/254,DELETE,2025-11-27T16:48:37.368432,0,3163,JWT,Confidential,Payments,2024-04-23T16:48:37.368432
API_376,/shadow/payroll/approve/api_376/566,GET,2026-03-13T16:48:37.368432,43917,234799,Basic,Public,Mobile App,2024-05-18T16:48:37.368432
API_085,/api/v2/loan/delete,POST,2025-04-09T16:48:37.368432,0,3757,OAuth2,Confidential,Payments,2023-11-20T16:48:37.368432
API_177,/api/v1/user/details,PUT,2026-03-05T16:48:37.368432,1647,30564,None,PII,Retail,2025-01-13T16:48:37.368432
API_334,/api/v1/cards/balance/418,PATCH,2026-03-11T16:48:37.368432,33724,63769,API_Key,Public,Fraud,2024-03-23T16:48:37.368432
API_208,/internal/admin/details,POST,2026-03-01T16:48:37.368432,952,3430,None,PCI,Payments,2024-09-04T16:48:37.368432
API_306,/api/v1/account/approve,DELETE,2026-03-14T16:48:37.368432,48420,166842,JWT,Confidential,Payments,2023-09-17T16:48:37.368432
API_203,/internal/admin/update,DELETE,2026-02-26T16:48:37.368432,6626,23660,JWT,PCI,Unknown,2023-07-24T16:48:37.368432
API_439,/api/v3/transaction/delete/815,PATCH,2026-03-08T16:48:37.368432,2848,19173,Basic,Public,Fraud,2023-08-12T16:48:37.368432
API_419,/internal/admin/balance,PUT,2026-03-11T16:48:37.368432,27560,132661,Basic,Public,Core Banking,2024-06-05T16:48:37.368432
API_104,/api/v2/rewards/approve/77,POST,2026-03-11T16:48:37.368432,3725,10479,None,Public,Mobile App,2024-12-30T16:48:37.368432
API_470,/api/v1/account/update,PUT,2026-03-08T16:48:37.368432,12582,30491,Basic,Public,Retail,2023-09-08T16:48:37.368432
API_330,/api/v1/cards/balance/719,PUT,2026-03-07T16:48:37.368432,15562,118014,API_Key,Public,Identity,2024-11-10T16:48:37.368432
API_026,/api/v2/loan/delete/50,DELETE,2025-11-18T16:48:37.368432,0,4705,Basic,Internal,Payments,2024-09-06T16:48:37.368432
API_491,/shadow/payroll/approve/api_491/995,DELETE,2026-03-08T16:48:37.368432,26484,143996,OAuth2,Confidential,Fraud,2024-06-07T16:48:37.368432
API_303,/api/v1/account/delete/719,GET,2026-03-07T16:48:37.368432,44383,241055,JWT,Public,Fraud,2023-12-22T16:48:37.368432
API_254,/internal/admin/dump/964,GET,2026-03-11T16:48:37.368432,34346,45619,OAuth2,Internal,Fraud,2024-01-26T16:48:37.368432
API_021,/api/v3/transaction/approve,DELETE,2025-11-13T16:48:37.368432,0,3288,Basic,Confidential,Unknown,2024-02-25T16:48:37.368432
API_444,/shadow/payroll/dump/api_444/839,GET,2026-03-17T16:48:37.368432,20417,80427,JWT,Public,Mobile App,2024-10-11T16:48:37.368432
API_243,/api/v2/rewards/delete/205,POST,2026-03-12T16:48:37.368432,28936,51911,Basic,Confidential,Core Banking,2024-04-11T16:48:37.368432
API_478,/internal/admin/dump/844,PATCH,2026-03-10T16:48:37.368432,41244,108975,JWT,Internal,Unknown,2023-12-29T16:48:37.368432
API_245,/api/v3/transaction/status/254,DELETE,2026-03-09T16:48:37.368432,19484,41057,OAuth2,Internal,Identity,2023-09-11T16:48:37.368432
API_205,/api/v1/user/delete,DELETE,2026-03-09T16:48:37.368432,5820,35090,JWT,PII,Fraud,2024-06-22T16:48:37.368432
API_486,/api/v2/loan/balance,DELETE,2026-03-12T16:48:37.368432,38421,74204,JWT,Confidential,Core Banking,2024-01-04T16:48:37.368432
API_237,/internal/admin/delete/226,POST,2026-03-16T16:48:37.368432,43918,151712,JWT,Internal,Payments,2023-12-12T16:48:37.368432
API_113,/api/v1/cards/balance,DELETE,2026-02-26T16:48:37.368432,9197,58666,None,Internal,Retail,2024-02-27T16:48:37.368432
API_112,/api/v3/transaction/dump/180,PUT,2026-03-10T16:48:37.368432,4782,30353,None,Confidential,Fraud,2024-08-04T16:48:37.368432
API_172,/api/v3/transaction/dump,DELETE,2026-02-24T16:48:37.368432,9788,23877,None,Confidential,Retail,2024-05-10T16:48:37.368432
API_043,/api/v2/rewards/details/350,PUT,2025-11-19T16:48:37.368432,0,3365,API_Key,Public,Retail,2024-01-10T16:48:37.368432
API_229,/api/v2/rewards/balance/81,PUT,2026-03-11T16:48:37.368432,21206,148654,Basic,Confidential,Mobile App,2024-05-06T16:48:37.368432
API_385,/api/v3/transaction/balance,GET,2026-03-16T16:48:37.368432,18763,95018,API_Key,Public,Identity,2024-08-26T16:48:37.368432
API_107,/internal/admin/delete,DELETE,2026-02-22T16:48:37.368432,2542,41427,None,Confidential,Fraud,2025-01-02T16:48:37.368432
API_258,/api/v1/user/update,GET,2026-03-09T16:48:37.368432,16944,66887,API_Key,Public,Core Banking,2023-12-07T16:48:37.368432
API_249,/api/v1/cards/dump,GET,2026-03-15T16:48:37.368432,10091,79209,API_Key,Internal,Fraud,2024-08-26T16:48:37.368432
API_227,/api/v1/account/delete,GET,2026-03-14T16:48:37.368432,38807,164496,Basic,Confidential,Payments,2024-08-24T16:48:37.368432
API_169,/api/v3/transaction/status,GET,2026-03-16T16:48:37.368432,4389,22237,None,Confidential,Payments,2023-08-23T16:48:37.368432
API_122,/api/v3/transaction/status/842,PUT,2026-02-24T16:48:37.368432,7505,12521,None,Internal,Payments,2024-10-08T16:48:37.368432
API_218,/api/v3/transaction/details/94,PUT,2026-02-23T16:48:37.368432,8951,22704,OAuth2,PCI,Fraud,2024-03-03T16:48:37.368432
API_392,/api/v1/cards/dump,POST,2026-03-07T16:48:37.368432,14179,189072,OAuth2,Public,Fraud,2024-08-29T16:48:37.368432
API_256,/api/v2/rewards/balance,PATCH,2026-03-09T16:48:37.368432,16915,118343,JWT,Internal,Payments,2024-10-17T16:48:37.368432
API_292,/api/v1/cards/update/246,DELETE,2026-03-15T16:48:37.368432,11571,158512,Basic,Public,Identity,2025-02-09T16:48:37.368432
API_468,/api/v3/transaction/update/399,PUT,2026-03-16T16:48:37.368432,9930,162360,OAuth2,Internal,Fraud,2023-12-08T16:48:37.368432
API_497,/shadow/payroll/status/api_497,PUT,2026-03-10T16:48:37.368432,37428,182380,Basic,Internal,Identity,2024-12-30T16:48:37.368432
API_082,/api/v2/rewards/details/763,GET,2025-04-09T16:48:37.368432,0,4809,JWT,Internal,Payments,2023-08-18T16:48:37.368432
API_060,/shadow/payroll/list/api_060,PATCH,2025-09-08T16:48:37.368432,0,4285,OAuth2,Internal,Core Banking,2024-12-21T16:48:37.368432
API_098,/api/v1/account/delete,PUT,2025-07-22T16:48:37.368432,0,1005,API_Key,Confidential,Identity,2023-11-05T16:48:37.368432
API_223,/api/v1/cards/approve/384,DELETE,2026-03-12T16:48:37.368432,1429,16378,API_Key,PCI,Identity,2023-08-27T16:48:37.368432
API_180,/internal/admin/list/30,GET,2026-03-06T16:48:37.368432,8198,46784,OAuth2,PII,Core Banking,2023-10-15T16:48:37.368432
API_143,/api/v1/user/dump/722,GET,2026-02-24T16:48:37.368432,8529,46281,None,Public,Retail,2024-04-02T16:48:37.368432
API_027,/api/v2/loan/delete,PATCH,2025-08-15T16:48:37.368432,0,3953,Basic,Confidential,Retail,2023-08-18T16:48:37.368432
API_235,/internal/admin/dump,POST,2026-03-12T16:48:37.368432,21360,66161,OAuth2,Public,Mobile App,2024-03-31T16:48:37.368432
API_142,/api/v2/rewards/delete,POST,2026-03-15T16:48:37.368432,9117,40300,None,Internal,Identity,2024-11-04T16:48:37.368432
API_159,/shadow/payroll/update/api_159,POST,2026-02-25T16:48:37.368432,6117,22021,None,Internal,Mobile App,2023-10-11T16:48:37.368432
API_063,/internal/admin/approve/74,PUT,2025-08-05T16:48:37.368432,0,3891,API_Key,Public,Retail,2024-08-05T16:48:37.368432
API_395,/api/v1/user/delete/546,DELETE,2026-03-08T16:48:37.368432,4837,116759,JWT,Confidential,Fraud,2025-02-08T16:48:37.368432
API_455,/api/v1/user/dump/913,PATCH,2026-03-11T16:48:37.368432,31556,80285,Basic,Confidential,Fraud,2024-09-17T16:48:37.368432
API_341,/api/v2/loan/delete/758,DELETE,2026-03-13T16:48:37.368432,9249,71208,JWT,Internal,Retail,2024-04-02T16:48:37.368432
API_093,/internal/admin/balance/559,DELETE,2025-06-19T16:48:37.368432,0,4422,OAuth2,Public,Retail,2024-12-14T16:48:37.368432
API_161,/api/v2/loan/details/262,PUT,2026-02-18T16:48:37.368432,9494,50872,None,Confidential,Core Banking,2024-05-22T16:48:37.368432
API_259,/api/v2/rewards/list/542,PATCH,2026-03-17T16:48:37.368432,10015,63319,API_Key,Confidential,Mobile App,2024-01-18T16:48:37.368432
API_241,/api/v1/account/list/245,PUT,2026-03-11T16:48:37.368432,12103,104035,API_Key,Internal,Retail,2024-04-15T16:48:37.368432
API_030,/internal/admin/list,DELETE,2025-08-14T16:48:37.368432,0,2377,Basic,Confidential,Retail,2024-01-06T16:48:37.368432
API_238,/api/v1/cards/list/460,GET,2026-03-09T16:48:37.368432,24050,179728,JWT,Confidential,Payments,2023-06-28T16:48:37.368432
API_224,/shadow/payroll/dump/api_224,PATCH,2026-02-21T16:48:37.368432,8683,48611,JWT,PCI,Identity,2023-11-30T16:48:37.368432
API_089,/api/v1/user/list/664,GET,2025-08-28T16:48:37.368432,0,136,JWT,Public,Retail,2024-04-15T16:48:37.368432
API_005,/api/v1/user/list/601,DELETE,2025-11-26T16:48:37.368432,0,4159,OAuth2,Confidential,Payments,2024-03-07T16:48:37.368432
API_453,/api/v2/loan/delete/765,PATCH,2026-03-12T16:48:37.368432,4456,62963,API_Key,Confidential,Identity,2024-10-03T16:48:37.368432
API_348,/api/v1/account/delete,DELETE,2026-03-14T16:48:37.368432,37585,134522,OAuth2,Confidential,Retail,2024-11-23T16:48:37.368432
API_132,/internal/admin/update,PATCH,2026-03-11T16:48:37.368432,582,8593,None,Internal,Payments,2025-01-23T16:48:37.368432
API_458,/api/v3/transaction/approve,PATCH,2026-03-14T16:48:37.368432,34769,74249,Basic,Internal,Mobile App,2024-12-01T16:48:37.368432
API_302,/api/v2/loan/update,DELETE,2026-03-17T16:48:37.368432,38212,109518,JWT,Public,Retail,2023-11-17T16:48:37.368432
API_162,/api/v2/loan/balance/593,PUT,2026-02-22T16:48:37.368432,778,48640,None,Confidential,Fraud,2024-12-26T16:48:37.368432
API_075,/api/v3/transaction/list/544,PATCH,2025-06-29T16:48:37.368432,0,1646,OAuth2,Public,Fraud,2024-09-08T16:48:37.368432
API_338,/api/v1/user/dump,POST,2026-03-15T16:48:37.368432,34273,202775,OAuth2,Internal,Identity,2024-07-16T16:48:37.368432
API_266,/api/v1/account/balance/87,POST,2026-03-08T16:48:37.368432,18066,108191,API_Key,Internal,Payments,2024-03-18T16:48:37.368432
API_140,/api/v1/account/update/153,POST,2026-02-22T16:48:37.368432,62,11697,None,Confidential,Retail,2023-11-29T16:48:37.368432
API_288,/api/v1/user/delete/574,PATCH,2026-03-08T16:48:37.368432,40083,202104,API_Key,Confidential,Payments,2024-08-09T16:48:37.368432
API_386,/internal/admin/approve,DELETE,2026-03-12T16:48:37.368432,25215,72464,OAuth2,Internal,Identity,2024-10-24T16:48:37.368432
API_389,/shadow/payroll/details/api_389,DELETE,2026-03-17T16:48:37.368432,31443,222736,API_Key,Public,Payments,2023-07-06T16:48:37.368432
API_454,/api/v2/loan/approve,GET,2026-03-08T16:48:37.368432,29968,97496,Basic,Confidential,Core Banking,2024-02-10T16:48:37.368432
API_035,/api/v1/cards/status,PUT,2025-10-15T16:48:37.368432,0,326,JWT,Internal,Payments,2025-01-10T16:48:37.368432
API_305,/api/v3/transaction/approve,POST,2026-03-12T16:48:37.368432,43857,223133,OAuth2,Public,Retail,2024-01-22T16:48:37.368432
API_036,/api/v1/account/delete,PATCH,2025-09-25T16:48:37.368432,0,2704,JWT,Confidential,Core Banking,2024-05-05T16:48:37.368432
API_053,/api/v1/account/details,POST,2025-12-15T16:48:37.368432,0,386,API_Key,Confidential,Unknown,2024-10-23T16:48:37.368432
API_183,/api/v1/cards/update/937,PATCH,2026-03-17T16:48:37.368432,8732,37110,API_Key,PCI,Payments,2023-12-14T16:48:37.368432
API_153,/api/v2/rewards/delete/445,PATCH,2026-02-21T16:48:37.368432,8753,10785,None,Public,Core Banking,2024-10-11T16:48:37.368432
API_337,/internal/admin/status/144,GET,2026-03-11T16:48:37.368432,18793,164088,JWT,Confidential,Payments,2024-11-17T16:48:37.368432
API_173,/internal/admin/details/795,PATCH,2026-02-28T16:48:37.368432,3594,32356,None,Public,Payments,2023-11-01T16:48:37.368432
API_421,/api/v1/user/balance,DELETE,2026-03-12T16:48:37.368432,4853,115797,Basic,Confidential,Mobile App,2023-09-14T16:48:37.368432
API_007,/api/v2/loan/update/33,PUT,2025-11-07T16:48:37.368432,0,2402,Basic,Public,Mobile App,2024-09-26T16:48:37.368432
API_185,/api/v2/loan/details,POST,2026-03-05T16:48:37.368432,959,23099,JWT,PII,Mobile App,2023-11-08T16:48:37.368432
API_418,/api/v2/rewards/balance/99,DELETE,2026-03-16T16:48:37.368432,153,157788,API_Key,Internal,Retail,2024-03-03T16:48:37.368432
API_138,/internal/admin/list/98,GET,2026-03-17T16:48:37.368432,8978,12056,None,Internal,Identity,2023-12-04T16:48:37.368432
API_136,/api/v2/rewards/details,PUT,2026-03-04T16:48:37.368432,8243,38589,None,Internal,Unknown,2025-02-03T16:48:37.368432
API_103,/api/v2/loan/details/687,GET,2026-03-09T16:48:37.368432,5966,40030,None,Confidential,Mobile App,2024-12-17T16:48:37.368432
API_445,/api/v1/account/dump,GET,2026-03-10T16:48:37.368432,5658,109599,Basic,Confidential,Fraud,2024-11-05T16:48:37.368432
API_326,/shadow/payroll/status/api_326,PUT,2026-03-07T16:48:37.368432,26614,88094,Basic,Confidential,Retail,2024-02-16T16:48:37.368432
API_149,/shadow/payroll/update/api_149,DELETE,2026-02-25T16:48:37.368432,8601,57653,None,Internal,Fraud,2024-12-11T16:48:37.368432
API_202,/shadow/payroll/balance/api_202/867,PATCH,2026-02-22T16:48:37.368432,1551,28499,API_Key,PII,Mobile App,2023-07-28T16:48:37.368432
API_039,/api/v1/account/approve,GET,2025-07-05T16:48:37.368432,0,291,OAuth2,Confidential,Identity,2024-06-05T16:48:37.368432
API_459,/api/v1/user/dump/546,DELETE,2026-03-11T16:48:37.368432,48474,85684,JWT,Public,Core Banking,2024-08-25T16:48:37.368432
API_373,/shadow/payroll/dump/api_373/994,GET,2026-03-09T16:48:37.368432,40626,94615,OAuth2,Internal,Retail,2024-11-03T16:48:37.368432
API_139,/api/v2/loan/status,DELETE,2026-03-12T16:48:37.368432,1739,25625,None,Confidential,Retail,2023-09-09T16:48:37.368432
API_059,/api/v1/cards/details,DELETE,2025-10-01T16:48:37.368432,0,511,Basic,Public,Identity,2024-05-04T16:48:37.368432
API_074,/internal/admin/balance,DELETE,2025-10-20T16:48:37.368432,0,3669,API_Key,Internal,Core Banking,2024-06-20T16:48:37.368432
API_041,/api/v3/transaction/dump/446,GET,2025-04-09T16:48:37.368432,0,1080,OAuth2,Public,Core Banking,2024-09-07T16:48:37.368432
API_184,/api/v1/user/dump/455,DELETE,2026-03-09T16:48:37.368432,5981,44010,JWT,PCI,Retail,2024-03-08T16:48:37.368432
API_279,/api/v2/loan/status/782,POST,2026-03-13T16:48:37.368432,42401,132263,OAuth2,Confidential,Unknown,2023-09-14T16:48:37.368432
API_344,/internal/admin/balance/202,PATCH,2026-03-12T16:48:37.368432,10207,59228,Basic,Confidential,Fraud,2023-12-27T16:48:37.368432
API_287,/api/v1/cards/delete,PATCH,2026-03-15T16:48:37.368432,31568,208746,Basic,Public,Mobile App,2024-09-24T16:48:37.368432
API_359,/api/v1/cards/list,DELETE,2026-03-10T16:48:37.368432,23822,146179,Basic,Confidential,Identity,2024-09-13T16:48:37.368432
API_434,/api/v1/cards/approve/545,PATCH,2026-03-09T16:48:37.368432,44346,212064,API_Key,Confidential,Payments,2024-02-26T16:48:37.368432
API_366,/shadow/payroll/details/api_366,DELETE,2026-03-10T16:48:37.368432,24634,37017,Basic,Public,Retail,2024-06-28T16:48:37.368432
API_277,/internal/admin/status,POST,2026-03-11T16:48:37.368432,47070,102585,OAuth2,Internal,Retail,2024-04-14T16:48:37.368432
API_171,/api/v1/account/status,PUT,2026-02-28T16:48:37.368432,3318,12671,None,Internal,Unknown,2023-07-21T16:48:37.368432
API_051,/api/v2/rewards/list/828,PATCH,2025-05-20T16:48:37.368432,0,2244,Basic,Internal,Retail,2024-11-13T16:48:37.368432
API_404,/shadow/payroll/balance/api_404,DELETE,2026-03-11T16:48:37.368432,44860,62068,JWT,Public,Core Banking,2023-12-20T16:48:37.368432
API_397,/api/v3/transaction/list,GET,2026-03-14T16:48:37.368432,19396,51806,OAuth2,Confidential,Mobile App,2024-02-21T16:48:37.368432
API_346,/api/v3/transaction/balance,PUT,2026-03-09T16:48:37.368432,448,150197,API_Key,Public,Fraud,2025-01-24T16:48:37.368432
API_362,/api/v3/transaction/details/393,GET,2026-03-12T16:48:37.368432,29653,91398,Basic,Internal,Core Banking,2024-10-04T16:48:37.368432
API_197,/api/v1/user/delete,DELETE,2026-03-15T16:48:37.368432,5076,28218,None,PII,Core Banking,2023-08-27T16:48:37.368432
API_211,/api/v1/cards/status/69,PUT,2026-03-16T16:48:37.368432,8921,51166,API_Key,PII,Fraud,2025-01-23T16:48:37.368432
API_186,/api/v1/account/balance,PUT,2026-02-17T16:48:37.368432,6331,34755,None,PII,Identity,2024-10-18T16:48:37.368432
API_191,/api/v3/transaction/update,PUT,2026-02-20T16:48:37.368432,2042,47453,JWT,PCI,Identity,2023-08-29T16:48:37.368432
API_494,/api/v2/loan/status/169,PUT,2026-03-11T16:48:37.368432,49776,83240,API_Key,Public,Payments,2024-10-20T16:48:37.368432
API_099,/api/v3/transaction/approve,POST,2025-06-12T16:48:37.368432,0,4697,Basic,Confidential,Mobile App,2025-01-19T16:48:37.368432
API_252,/internal/admin/list,PATCH,2026-03-15T16:48:37.368432,37267,74260,JWT,Internal,Core Banking,2024-01-25T16:48:37.368432
API_261,/internal/admin/approve/570,PATCH,2026-03-12T16:48:37.368432,25094,139341,JWT,Public,Fraud,2024-09-24T16:48:37.368432
API_267,/internal/admin/status/361,PUT,2026-03-07T16:48:37.368432,13415,194853,OAuth2,Confidential,Identity,2024-12-13T16:48:37.368432
API_028,/api/v1/user/status,DELETE,2025-03-31T16:48:37.368432,0,4634,OAuth2,Public,Identity,2024-04-09T16:48:37.368432
API_044,/api/v1/account/update,GET,2025-03-29T16:48:37.368432,0,330,Basic,Internal,Unknown,2023-07-31T16:48:37.368432
API_447,/api/v1/cards/approve,PATCH,2026-03-14T16:48:37.368432,26185,69428,API_Key,Public,Core Banking,2024-03-05T16:48:37.368432
API_417,/api/v2/rewards/details,PUT,2026-03-16T16:48:37.368432,29726,157706,API_Key,Internal,Retail,2023-10-12T16:48:37.368432
API_363,/internal/admin/delete/940,GET,2026-03-11T16:48:37.368432,34332,101243,JWT,Internal,Mobile App,2024-10-28T16:48:37.368432
API_239,/api/v1/cards/delete,DELETE,2026-03-10T16:48:37.368432,9384,44766,JWT,Confidential,Core Banking,2023-07-30T16:48:37.368432
API_134,/api/v2/rewards/approve,PATCH,2026-02-15T16:48:37.368432,3309,20799,None,Internal,Payments,2024-07-27T16:48:37.368432
API_300,/api/v1/account/delete/875,PATCH,2026-03-08T16:48:37.368432,40611,219103,OAuth2,Confidential,Core Banking,2024-11-20T16:48:37.368432
API_405,/api/v3/transaction/list/861,PATCH,2026-03-15T16:48:37.368432,23241,128100,OAuth2,Confidential,Core Banking,2023-11-02T16:48:37.368432
API_157,/api/v1/account/list/957,DELETE,2026-03-01T16:48:37.368432,3185,4560,None,Internal,Identity,2024-02-27T16:48:37.368432
API_198,/api/v1/account/delete,PATCH,2026-03-09T16:48:37.368432,3421,53415,OAuth2,PII,Identity,2024-08-20T16:48:37.368432
API_364,/api/v1/user/approve/322,POST,2026-03-16T16:48:37.368432,34507,91603,JWT,Confidential,Core Banking,2024-09-23T16:48:37.368432
API_052,/internal/admin/balance,GET,2025-05-26T16:48:37.368432,0,4134,OAuth2,Confidential,Mobile App,2024-06-14T16:48:37.368432
API_336,/api/v1/account/balance,PUT,2026-03-13T16:48:37.368432,13717,68687,API_Key,Public,Core Banking,2024-08-17T16:48:37.368432
API_390,/api/v2/loan/details/219,PUT,2026-03-14T16:48:37.368432,31356,51402,OAuth2,Internal,Identity,2024-04-07T16:48:37.368432
API_476,/api/v2/loan/update/342,PUT,2026-03-07T16:48:37.368432,25734,52728,OAuth2,Confidential,Mobile App,2024-10-20T16:48:37.368432
API_087,/api/v3/transaction/balance,GET,2025-07-15T16:48:37.368432,0,3227,Basic,Public,Core Banking,2023-07-12T16:48:37.368432
API_493,/api/v1/user/update/970,POST,2026-03-14T16:48:37.368432,31324,143330,JWT,Confidential,Payments,2024-08-07T16:48:37.368432
API_289,/api/v1/user/status/83,GET,2026-03-09T16:48:37.368432,34103,165438,OAuth2,Confidential,Core Banking,2025-01-05T16:48:37.368432
API_329,/api/v1/user/dump,POST,2026-03-15T16:48:37.368432,27982,134115,JWT,Confidential,Fraud,2023-07-30T16:48:37.368432
API_315,/api/v1/user/list/515,GET,2026-03-13T16:48:37.368432,33898,216303,JWT,Public,Mobile App,2025-01-14T16:48:37.368432
API_050,/internal/admin/dump/563,PATCH,2025-06-01T16:48:37.368432,0,4687,Basic,Confidential,Mobile App,2024-07-16T16:48:37.368432
API_130,/internal/admin/list,PATCH,2026-03-17T16:48:37.368432,7509,47350,None,Public,Payments,2024-06-26T16:48:37.368432
API_207,/api/v1/user/details,GET,2026-03-16T16:48:37.368432,6774,30616,API_Key,PCI,Core Banking,2023-08-13T16:48:37.368432
API_382,/api/v2/loan/delete/638,PUT,2026-03-09T16:48:37.368432,16813,73590,Basic,Public,Retail,2023-09-23T16:48:37.368432
API_194,/api/v2/rewards/balance/617,DELETE,2026-02-26T16:48:37.368432,3494,25824,Basic,PII,Fraud,2024-04-16T16:48:37.368432
API_477,/api/v2/loan/status,DELETE,2026-03-13T16:48:37.368432,20665,53897,OAuth2,Public,Retail,2023-11-13T16:48:37.368432
API_046,/api/v2/rewards/list/81,PUT,2025-07-10T16:48:37.368432,0,3707,OAuth2,Confidential,Fraud,2024-11-04T16:48:37.368432
API_399,/api/v2/loan/delete/605,PATCH,2026-03-07T16:48:37.368432,45974,193682,OAuth2,Internal,Retail,2024-05-06T16:48:37.368432
API_047,/api/v1/cards/balance/222,PUT,2025-04-14T16:48:37.368432,0,1591,Basic,Confidential,Core Banking,2024-11-20T16:48:37.368432
API_285,/shadow/payroll/list/api_285/16,GET,2026-03-09T16:48:37.368432,4451,118635,Basic,Public,Core Banking,2024-11-03T16:48:37.368432
API_423,/api/v1/account/status,DELETE,2026-03-11T16:48:37.368432,48389,232769,Basic,Internal,Payments,2023-07-13T16:48:37.368432
API_489,/api/v2/loan/balance,DELETE,2026-03-17T16:48:37.368432,46427,230404,JWT,Confidential,Unknown,2024-08-02T16:48:37.368432
API_411,/api/v2/loan/list/45,PUT,2026-03-15T16:48:37.368432,22096,213539,OAuth2,Public,Payments,2025-01-05T16:48:37.368432
API_094,/api/v2/rewards/delete,DELETE,2025-05-16T16:48:37.368432,0,1169,API_Key,Public,Payments,2024-08-16T16:48:37.368432
API_456,/api/v3/transaction/details/556,DELETE,2026-03-17T16:48:37.368432,16122,65439,JWT,Confidential,Core Banking,2024-07-16T16:48:37.368432
API_065,/shadow/payroll/details/api_065/963,PATCH,2025-08-26T16:48:37.368432,0,1011,Basic,Public,Core Banking,2024-02-20T16:48:37.368432
API_126,/shadow/payroll/details/api_126,PUT,2026-02-28T16:48:37.368432,5559,7937,None,Confidential,Unknown,2024-09-15T16:48:37.368432
API_013,/api/v1/account/approve/17,POST,2025-05-02T16:48:37.368432,0,4291,Basic,Public,Payments,2024-01-11T16:48:37.368432
API_226,/shadow/payroll/delete/api_226/724,PATCH,2026-03-16T16:48:37.368432,12530,72085,JWT,Public,Fraud,2024-11-24T16:48:37.368432
API_091,/api/v1/user/details/256,DELETE,2025-07-11T16:48:37.368432,0,3957,OAuth2,Public,Fraud,2024-09-18T16:48:37.368432
API_350,/shadow/payroll/details/api_350/528,DELETE,2026-03-08T16:48:37.368432,344,108848,JWT,Confidential,Identity,2023-07-26T16:48:37.368432
API_083,/api/v1/cards/balance,GET,2025-03-20T16:48:37.368432,0,1328,OAuth2,Confidential,Core Banking,2024-04-14T16:48:37.368432
API_034,/api/v2/loan/list/598,PUT,2025-08-17T16:48:37.368432,0,3264,Basic,Confidential,Unknown,2024-05-06T16:48:37.368432
API_272,/api/v1/cards/list,POST,2026-03-11T16:48:37.368432,8316,152267,JWT,Confidential,Retail,2024-01-03T16:48:37.368432
API_402,/api/v2/rewards/approve,DELETE,2026-03-13T16:48:37.368432,19305,190146,Basic,Public,Identity,2023-10-24T16:48:37.368432
API_064,/api/v1/user/list,PATCH,2025-10-23T16:48:37.368432,0,3718,Basic,Internal,Identity,2024-04-27T16:48:37.368432
API_498,/api/v3/transaction/update/372,DELETE,2026-03-12T16:48:37.368432,49204,192912,Basic,Internal,Identity,2024-01-02T16:48:37.368432
API_100,/api/v3/transaction/details/134,PATCH,2025-08-05T16:48:37.368432,0,2139,JWT,Public,Mobile App,2023-07-09T16:48:37.368432
API_066,/internal/admin/details/788,PATCH,2025-11-19T16:48:37.368432,0,2648,Basic,Public,Unknown,2024-05-03T16:48:37.368432
API_391,/api/v2/rewards/list,DELETE,2026-03-08T16:48:37.368432,38111,227305,OAuth2,Confidential,Fraud,2023-06-28T16:48:37.368432
API_078,/api/v2/loan/delete,GET,2025-10-12T16:48:37.368432,0,2780,Basic,Confidential,Core Banking,2024-06-16T16:48:37.368432
API_004,/api/v1/account/approve,GET,2025-11-12T16:48:37.368432,0,1231,API_Key,Public,Fraud,2024-06-12T16:48:37.368432
API_250,/api/v1/user/status/368,PUT,2026-03-09T16:48:37.368432,27008,83126,JWT,Confidential,Retail,2024-08-01T16:48:37.368432
API_353,/shadow/payroll/update/api_353,PUT,2026-03-14T16:48:37.368432,12895,99668,Basic,Internal,Identity,2024-02-09T16:48:37.368432
API_428,/api/v1/cards/list/612,GET,2026-03-17T16:48:37.368432,1974,126431,OAuth2,Public,Payments,2023-10-06T16:48:37.368432
API_215,/api/v3/transaction/update/993,GET,2026-03-11T16:48:37.368432,71,3605,OAuth2,PII,Unknown,2023-07-17T16:48:37.368432
API_156,/internal/admin/delete/903,GET,2026-03-17T16:48:37.368432,4955,52101,None,Confidential,Payments,2023-09-14T16:48:37.368432
API_293,/api/v1/account/update/350,GET,2026-03-09T16:48:37.368432,33293,54994,JWT,Internal,Retail,2024-11-13T16:48:37.368432
API_317,/api/v1/account/update/810,POST,2026-03-14T16:48:37.368432,5478,29231,API_Key,Public,Identity,2023-06-21T16:48:37.368432
API_058,/api/v2/loan/balance/981,POST,2025-08-20T16:48:37.368432,0,1772,API_Key,Confidential,Identity,2023-09-14T16:48:37.368432
API_432,/api/v2/rewards/approve/984,PATCH,2026-03-11T16:48:37.368432,29395,204654,OAuth2,Internal,Core Banking,2023-10-19T16:48:37.368432
API_105,/api/v3/transaction/approve/226,POST,2026-03-12T16:48:37.368432,2109,49192,None,Public,Retail,2023-10-17T16:48:37.368432
API_020,/internal/admin/list/925,GET,2025-11-20T16:48:37.368432,0,2920,JWT,Internal,Identity,2023-12-10T16:48:37.368432
API_086,/api/v3/transaction/dump,GET,2025-07-09T16:48:37.368432,0,2307,API_Key,Public,Identity,2024-04-04T16:48:37.368432
API_068,/internal/admin/delete/785,DELETE,2025-11-26T16:48:37.368432,0,988,JWT,Internal,Fraud,2024-10-07T16:48:37.368432
API_200,/api/v1/cards/update/929,GET,2026-03-15T16:48:37.368432,7887,51794,Basic,PCI,Core Banking,2024-12-08T16:48:37.368432
API_281,/api/v1/account/details/190,PUT,2026-03-17T16:48:37.368432,8956,112110,JWT,Public,Retail,2024-02-11T16:48:37.368432
API_297,/api/v1/account/delete/917,PATCH,2026-03-15T16:48:37.368432,39216,147078,API_Key,Public,Mobile App,2023-07-27T16:48:37.368432
API_352,/api/v1/account/dump,DELETE,2026-03-16T16:48:37.368432,1228,154341,JWT,Confidential,Unknown,2024-07-08T16:48:37.368432
API_079,/api/v2/loan/dump,PUT,2025-10-11T16:48:37.368432,0,4573,API_Key,Public,Core Banking,2024-09-19T16:48:37.368432
API_001,/shadow/payroll/update/api_001,GET,2025-06-22T16:48:37.368432,0,982,OAuth2,Internal,Core Banking,2024-09-06T16:48:37.368432
API_339,/internal/admin/list/770,GET,2026-03-09T16:48:37.368432,49599,237336,API_Key,Public,Retail,2023-07-06T16:48:37.368432
API_210,/api/v2/rewards/update/868,POST,2026-03-01T16:48:37.368432,6115,46053,Basic,PII,Identity,2024-06-20T16:48:37.368432
API_031,/api/v2/rewards/status/820,DELETE,2025-06-13T16:48:37.368432,0,4437,API_Key,Confidential,Core Banking,2024-11-26T16:48:37.368432
API_095,/api/v2/loan/status,PUT,2025-08-28T16:48:37.368432,0,4047,JWT,Public,Retail,2023-10-26T16:48:37.368432
API_166,/api/v1/account/dump,DELETE,2026-03-15T16:48:37.368432,8819,21671,None,Confidential,Mobile App,2024-05-16T16:48:37.368432
API_076,/internal/admin/list,PUT,2025-09-02T16:48:37.368432,0,3781,JWT,Public,Payments,2025-01-09T16:48:37.368432
API_106,/shadow/payroll/approve/api_106,PATCH,2026-03-13T16:48:37.368432,8179,15569,None,Public,Retail,2024-02-02T16:48:37.368432
API_472,/api/v1/cards/balance,POST,2026-03-10T16:48:37.368432,20598,191430,API_Key,Internal,Payments,2024-06-10T16:48:37.368432
API_163,/api/v2/loan/approve/899,DELETE,2026-02-19T16:48:37.368432,4372,19667,None,Public,Fraud,2024-10-04T16:48:37.368432
API_365,/internal/admin/details,POST,2026-03-10T16:48:37.368432,9420,105832,JWT,Confidential,Payments,2023-12-18T16:48:37.368432
API_410,/api/v2/loan/approve,PATCH,2026-03-14T16:48:37.368432,39923,231162,Basic,Confidential,Fraud,2025-01-29T16:48:37.368432
API_420,/api/v2/rewards/dump,DELETE,2026-03-11T16:48:37.368432,39417,148025,Basic,Internal,Payments,2025-02-09T16:48:37.368432
API_190,/api/v3/transaction/update,PATCH,2026-03-12T16:48:37.368432,7728,14493,JWT,PCI,Retail,2024-06-06T16:48:37.368432
API_120,/api/v2/rewards/status,PUT,2026-03-11T16:48:37.368432,2263,10047,None,Internal,Retail,2024-03-07T16:48:37.368432
API_193,/api/v3/transaction/approve/679,PUT,2026-02-22T16:48:37.368432,4378,35695,Basic,PII,Retail,2023-09-07T16:48:37.368432
API_416,/api/v1/user/delete/495,DELETE,2026-03-13T16:48:37.368432,48673,218701,OAuth2,Internal,Core Banking,2024-09-16T16:48:37.368432
API_077,/api/v3/transaction/status/771,DELETE,2025-05-05T16:48:37.368432,0,4644,OAuth2,Public,Payments,2024-08-05T16:48:37.368432
API_296,/api/v1/account/list,PUT,2026-03-13T16:48:37.368432,39391,182610,Basic,Confidential,Payments,2024-09-22T16:48:37.368432
API_381,/api/v2/rewards/update,PUT,2026-03-15T16:48:37.368432,28922,178648,JWT,Confidential,Payments,2023-08-03T16:48:37.368432
API_217,/internal/admin/update/968,PATCH,2026-03-14T16:48:37.368432,4056,37721,None,PCI,Fraud,2023-09-27T16:48:37.368432
API_379,/internal/admin/details/617,PUT,2026-03-10T16:48:37.368432,16726,195275,Basic,Internal,Retail,2023-09-11T16:48:37.368432
API_018,/shadow/payroll/update/api_018/303,POST,2025-04-30T16:48:37.368432,0,3258,API_Key,Internal,Mobile App,2023-07-04T16:48:37.368432
API_025,/api/v1/cards/list,POST,2025-08-08T16:48:37.368432,0,1459,Basic,Public,Identity,2024-07-17T16:48:37.368432
API_147,/internal/admin/update,PUT,2026-03-15T16:48:37.368432,8553,19434,None,Confidential,Payments,2024-05-18T16:48:37.368432
API_443,/api/v1/account/list,PATCH,2026-03-13T16:48:37.368432,21294,160268,OAuth2,Confidential,Identity,2025-02-04T16:48:37.368432
API_170,/api/v2/rewards/delete,PATCH,2026-03-14T16:48:37.368432,6301,8342,None,Confidential,Mobile App,2024-03-02T16:48:37.368432
API_008,/shadow/payroll/approve/api_008/608,POST,2025-08-11T16:48:37.368432,0,4396,Basic,Public,Unknown,2024-02-25T16:48:37.368432
API_318,/api/v3/transaction/list,POST,2026-03-16T16:48:37.368432,307,146037,OAuth2,Public,Fraud,2023-09-10T16:48:37.368432
API_430,/shadow/payroll/delete/api_430/615,PUT,2026-03-14T16:48:37.368432,48467,130569,Basic,Public,Identity,2024-03-19T16:48:37.368432
API_069,/api/v3/transaction/delete/391,POST,2025-04-16T16:48:37.368432,0,1835,API_Key,Internal,Fraud,2023-12-31T16:48:37.368432
API_097,/api/v3/transaction/approve/137,DELETE,2025-10-09T16:48:37.368432,0,2470,Basic,Internal,Identity,2024-03-04T16:48:37.368432
API_216,/api/v3/transaction/dump/988,PATCH,2026-03-15T16:48:37.368432,7555,25448,JWT,PII,Mobile App,2025-01-18T16:48:37.368432
API_056,/api/v2/loan/details/183,PUT,2025-07-23T16:48:37.368432,0,1611,JWT,Public,Identity,2024-01-03T16:48:37.368432
API_073,/api/v2/rewards/delete/91,GET,2025-05-13T16:48:37.368432,0,3526,JWT,Internal,Core Banking,2024-07-26T16:48:37.368432
API_499,/internal/admin/details/615,GET,2026-03-08T16:48:37.368432,42266,144066,Basic,Confidential,Payments,2023-09-14T16:48:37.368432
API_251,/api/v3/transaction/list,DELETE,2026-03-16T16:48:37.368432,37658,198145,Basic,Public,Fraud,2024-12-08T16:48:37.368432
API_383,/api/v3/transaction/delete/836,DELETE,2026-03-07T16:48:37.368432,31779,224514,OAuth2,Public,Identity,2024-01-27T16:48:37.368432
API_452,/api/v3/transaction/status/759,GET,2026-03-11T16:48:37.368432,19232,167391,JWT,Public,Retail,2024-10-04T16:48:37.368432
API_457,/shadow/payroll/approve/api_457/619,PUT,2026-03-10T16:48:37.368432,12278,205457,JWT,Internal,Core Banking,2025-01-28T16:48:37.368432
API_125,/internal/admin/balance,GET,2026-03-03T16:48:37.368432,4342,39488,None,Confidential,Retail,2024-04-09T16:48:37.368432
API_358,/shadow/payroll/delete/api_358,GET,2026-03-08T16:48:37.368432,48149,219604,API_Key,Confidential,Mobile App,2023-12-04T16:48:37.368432
API_284,/shadow/payroll/status/api_284,GET,2026-03-13T16:48:37.368432,41778,177297,JWT,Internal,Mobile App,2024-10-09T16:48:37.368432
API_465,/api/v3/transaction/balance/886,PUT,2026-03-14T16:48:37.368432,48166,183910,Basic,Internal,Core Banking,2024-05-29T16:48:37.368432
API_270,/api/v2/loan/delete/139,PATCH,2026-03-08T16:48:37.368432,45839,94214,JWT,Internal,Unknown,2023-11-25T16:48:37.368432
API_260,/api/v3/transaction/balance,POST,2026-03-13T16:48:37.368432,42353,239650,OAuth2,Internal,Fraud,2024-06-13T16:48:37.368432
API_473,/api/v2/loan/balance/535,PATCH,2026-03-17T16:48:37.368432,6242,21591,OAuth2,Public,Identity,2023-08-23T16:48:37.368432
API_436,/api/v1/cards/approve/71,GET,2026-03-16T16:48:37.368432,12696,131044,OAuth2,Internal,Identity,2024-09-24T16:48:37.368432
API_451,/api/v1/user/details/797,PATCH,2026-03-16T16:48:37.368432,22188,83455,API_Key,Internal,Retail,2024-04-05T16:48:37.368432
API_496,/api/v1/account/status,PUT,2026-03-07T16:48:37.368432,46035,200946,API_Key,Confidential,Payments,2024-07-16T16:48:37.368432
API_204,/api/v1/account/list/986,DELETE,2026-02-21T16:48:37.368432,8275,15730,None,PII,Unknown,2024-01-03T16:48:37.368432
API_244,/api/v2/rewards/details,PATCH,2026-03-07T16:48:37.368432,24408,69414,API_Key,Public,Core Banking,2024-09-17T16:48:37.368432
API_220,/api/v2/loan/delete/176,DELETE,2026-03-12T16:48:37.368432,9410,28477,None,PCI,Unknown,2025-01-31T16:48:37.368432
API_116,/internal/admin/list/179,DELETE,2026-02-28T16:48:37.368432,5003,35973,None,Internal,Payments,2024-09-02T16:48:37.368432
API_012,/internal/admin/approve,DELETE,2025-09-25T16:48:37.368432,0,1419,API_Key,Public,Core Banking,2023-11-20T16:48:37.368432
API_010,/api/v2/rewards/details,GET,2025-10-07T16:48:37.368432,0,1758,API_Key,Confidential,Unknown,2024-07-28T16:48:37.368432
API_377,/api/v2/loan/approve/248,POST,2026-03-17T16:48:37.368432,27265,50236,API_Key,Confidential,Payments,2024-10-03T16:48:37.368432
API_345,/api/v1/user/update/895,DELETE,2026-03-09T16:48:37.368432,13699,180173,API_Key,Internal,Identity,2023-10-14T16:48:37.368432
API_425,/api/v2/rewards/status,DELETE,2026-03-07T16:48:37.368432,19236,99892,JWT,Public,Fraud,2024-01-29T16:48:37.368432
API_274,/api/v1/cards/balance,POST,2026-03-15T16:48:37.368432,26599,109835,API_Key,Confidential,Unknown,2024-05-29T16:48:37.368432
